{
	"info": {
		"_postman_id": "84059374-707b-46b2-8917-57dfff581e31",
		"name": "Task",
		"schema": "https://schema.getpostman.com/json/collection/v2.1.0/collection.json",
		"_exporter_id": "21363198"
	},
	"item": [
		{
			"name": "Category",
			"item": [
				{
					"name": "store",
					"request": {
						"method": "POST",
						"header": [
							{
								"key": "Accept",
								"value": "application/json",
								"type": "text"
							},
							{
								"key": "Content-Type",
								"value": "application/json",
								"type": "text"
							}
						],
						"body": {
							"mode": "formdata",
							"formdata": [
								{
									"key": "name",
									"value": "Book",
									"type": "text"
								}
							]
						},
						"url": {
							"raw": "{{base_url}}/category/store",
							"host": [
								"{{base_url}}"
							],
							"path": [
								"category",
								"store"
							]
						}
					},
					"response": []
				},
				{
					"name": "update",
					"request": {
						"method": "POST",
						"header": [
							{
								"key": "Accept",
								"value": "application/json",
								"type": "text"
							},
							{
								"key": "Content-Type",
								"value": "application/json",
								"type": "text"
							}
						],
						"body": {
							"mode": "formdata",
							"formdata": [
								{
									"key": "slug",
									"value": "book-66d614b437bb6",
									"type": "text"
								},
								{
									"key": "name",
									"value": "Paper",
									"type": "text"
								}
							]
						},
						"url": {
							"raw": "{{base_url}}/category/update",
							"host": [
								"{{base_url}}"
							],
							"path": [
								"category",
								"update"
							]
						}
					},
					"response": []
				},
				{
					"name": "delete",
					"request": {
						"method": "POST",
						"header": [
							{
								"key": "Accept",
								"value": "application/json",
								"type": "text"
							},
							{
								"warning": "This is a duplicate header and will be overridden by the Content-Type header generated by Postman.",
								"key": "Content-Type",
								"value": "application/json",
								"type": "text"
							}
						],
						"body": {
							"mode": "formdata",
							"formdata": [
								{
									"key": "slug",
									"value": "Book",
									"type": "text"
								}
							]
						},
						"url": {
							"raw": "{{base_url}}/category/delete",
							"host": [
								"{{base_url}}"
							],
							"path": [
								"category",
								"delete"
							]
						}
					},
					"response": []
				}
			]
		}
	]
}